,Year,Avg Temperature (°C),CO2 Emissions (Tons/Capita),Sea Level Rise (mm),Rainfall (mm),Population,Renewable Energy (%),Extreme Weather Events,Forest Area (%)
count,1000.0,1000.0,1000.0,1000.0,1000.0,1000.0,1000.0,1000.0,1000.0
mean,2011.432,19.8831,10.425799999999999,3.0096000000000003,1738.761,705383046.613,27.3005,7.291,40.572
std,7.147199343691098,8.542896784784157,5.614664622114025,1.146080861606781,708.9766157784901,409390996.8844111,12.97080766959412,4.4226551842619255,17.39899770449784
min,2000.0,5.0,0.5,1.0,501.0,3660891.0,5.1,0.0,10.1
25%,2005.0,12.174999999999999,5.574999999999999,2.0,1098.75,343624166.0,16.1,3.0,25.6
50%,2012.0,20.1,10.7,3.0,1726.0,713116635.5,27.15,8.0,41.150000000000006
75%,2018.0,27.225,15.4,4.0,2362.5,1073868037.25,38.925,11.0,55.8
max,2023.0,34.9,20.0,5.0,2999.0,1397016073.0,50.0,14.0,70.0
