Model,Best Alpha,CV R² Score
Ridge,1000,-0.016929618851703854
Lasso,1,-0.017188122452541997
ElasticNet,1,-0.01648404650565034
