Model,R² Score,MSE,RMSE,MAE
Ridge,-0.00588481026744514,74.23812613796932,8.616154950902944,7.492118741496584
Lasso,-0.005969539563905224,74.24437948242186,8.616517828126502,7.4885874999999995
ElasticNet,-0.0053554929792070105,74.1990605081774,8.613887653561394,7.489945111614438
